source,accuracy,precision,recall,f1
real,0.8916305435145049,0.8825,0.8519710378117458,0.8669668440442079
synthetic,0.8616495629038389,0.8682065217391305,0.7052980132450332,0.7783191230207065
combined,0.8984014209591474,0.8841139546112989,0.8465094775774388,0.8649031648559282
