dataset,n_train,n_test,accuracy,precision,recall,f1,auroc
real,1600,400,0.955,0.9504950495049505,0.96,0.9552238805970149,0.9838
synthetic,175,44,0.9772727272727273,0.9772727272727273,1.0,0.9885057471264368,0.9418604651162791
combined,1775,444,0.9459459459459459,0.9469387755102041,0.9547325102880658,0.9508196721311475,0.9808775054767316
