dataset,n_train,n_test,mae,rmse
synthetic_epds,175,44,1.508211143695015,1.8088819010394377
